flags,1,London 2012 Official Olympic Flag,20
flags,2,Opening Ceremony Flag London 2012,15
flags,3,Closing Ceremony Flag London 2012,15
medals,4,London 2012 Olympic Games Sports Collection – Boccia,3
medals,5,London 2012 Olympic Games Sports Collection – Weightlifting,3
medals,6,London 2012 Olympics Sports Collection – Football,3
medals,7,London 2012 Olympic Games Sports Collection – Fencing,3
ribbons,8,Olympic Red Ribbon,2.9
ribbons,9,Olympic Union Jack Ribbon,2.99
badges,10,London 2012 Olympic Games Union Jack logo medium pin badge,5
badges,11,London 2012 Union Jack Paralympic pin badge,5
badges,12,London 2012 official Paralympic logo pin badge,5
badges,13,London 2012 Olympics Football duo pictogram set,10
badges,14,London 2012 Pictogram Artistic Gymnastic - New Gold,5
badges,15,London 2012 national flag Italy pin badge,5
badges,16,London 2012 Olympic Games Mandeville walking to school,7
badges,17,London 2012 Olympics national flag Spain pin badge,5
badges,18,London 2012 pictogram Football - New Gold,5
badges,19,London 2012 pictogram Swimming - New Gold,5
badges,20,London 2012 pictogram Track Cycling - New Gold,5
pins,21,Games Logo – Pink,4
pins,22,Games Logo – Orange,4
pins,23,Games Logo – Blue,4
pins,24,Games Logo – Green,4
pins,25,Games Logo – Paralympic Games,4
pins,26,Games Logo – White,4
pins,27,Countdown – 4 Years To Go,5
pins,28,Handover – The Handover Ceremony,5
pins,29,Handover – London – Beijing – London Bus,5
pins,30,Games Logo - Union Flag,5
pins,31,Handover - VIP Pin – Beijing/London,5
pins,32,Handover - Paralympic Bus,5
pins,33,Heroes Parade - Team GB,5
pins,34,Heroes Parade - Paralympics GB,5
pins,35,London at Night - Old Royal Naval College,5
pins,36,London at Night - Tower Bridge,5
pins,37,London at Night - St Paul's Cathedral,5
pins,38,London at Night - Big Ben,5
pins,39,London at Night - Houses of Parliament,5
pins,40,London at Night - Westminster Abbey,5
pins,41,London at Night - Buckingham Palace,5
pins,42,London at Night - Marble Arch,5
pins,43,London at Night - Albert Memorial,5
pins,44,London at Night - Kensington Palace,5
pins,45,Markets – Borough,5
pins,46,Markets – Greenwich,5
pins,47,Markets - Portobello Road,5
pins,48,Markets - Columbia Road,5
pins,49,Markets – Camden,5
pins,50,Markets - Brick Lane,5
pins,51,Music - Concert Stage,5
pins,52,Music – Drums,5
pins,53,Music – Guitar,5
pins,54,Music – Tent,5
pins,55,Music – Speakers,5
pins,56,Music – DJ,5
pins,57,Music – Dancers,5
pins,58,Christmas – Tree,5
pins,59,Christmas – Snowflake,5
pins,60,Christmas – Snowman,5
pins,61,Christmas – Present,5
pins,62,Christmas – Wreath,5
pins,63,Guards – Policeman,5
pins,64,Guards – Policewoman,5
pins,65,Guards - Yeoman Warder (Undress Uniform),5
pins,66,Guards - Yeoman of the Guard (State Dress Uniform),5
pins,67,Guards - Guard on Sentry Duty,5
pins,68,Guards - Household Cavalry – Mounted,5
pins,69,Guards - Household Cavalry – Standing,5
pins,70,Landmarks - Big Ben,5
pins,71,Landmarks - Chinatown Gates,5
pins,72,Landmarks - Tower Bridge,5
pins,73,Landmarks - City Hall,5
pins,74,Landmarks – Monument,5
pins,75,Landmarks - Houses of Parliament,5
pins,76,Landmarks - Albert Memorial,5
pins,77,Landmarks - Buckingham Palace,5
pins,78,Weather - Heavy Showers,5
pins,79,Weather - Light Showers,5
pins,80,Weather - Wind and Storm,5
pins,81,Weather – Raining,5
pins,82,Weather – Lightning,5
pins,83,Weather – Snowing,5
pins,84,Weather – Sunny,5
pins,85,Soldier,5
pins,86,Punk – Green,5
pins,87,Punk – Pink,5
pins,88,Flowers (Spring) – Bluebell,5
pins,89,Flowers (Spring) – Cowslip,5
pins,90,Flowers (Spring) – Daffodil,5
pins,91,Flowers (Spring) – Violet,5
pins,92,Flowers (Summer) – Buttercup,5
pins,93,Flowers (Summer) – Cornflower,5
pins,94,Flowers (Summer) – Daisy,5
pins,95,Flowers (Summer) – Foxglove,5
pins,96,Flowers (Autumn) - Dog Rose,5
pins,97,Flowers (Autumn) - Field Scabious,5
pins,98,Flowers (Autumn) – Hollyhock,5
pins,99,Flowers (Autumn) - Sweet Alison/Alyssum,5
pins,100,Flowers (Winter) - Christmas Rose,5
pins,101,Flowers (Winter) – Crocus,5
pins,102,Flowers (Winter) – Eranthis,5
pins,103,Flowers (Winter) – Snowdrops,5
pins,104,Teapot - Cauliflower Teapot,5
pins,105,Teapot - Blue Italian Teapot,5
pins,106,Teapot - Ornate Black Teapot,5
pins,107,Teapot - Greek Dancers Teapot,5
pins,108,Teapot - Leafy Teapot,5
pins,109,Teapot - Victorian Yellow Teapot,5
pins,110,Teapot - Art Deco Teapot,5
pins,111,Teapot - Pink Teapot,5
pins,112,Afternoon Tea - Cake Stand,5
stationery,113,London 2012 Olympic Museum pre-1948 postcard pack of 5,3
stationery,114,London 2012 Wenlock and Mandeville 10pc stationery ,10
stationery,115,London 2012 Olympic Games Union Jack Neoprene 15in laptop sleeve,20
stationery,116,London 2012 Wenlock and Mandeville postcards pack of five,3
stationery,117,London 2012 Olympics Union Jack Wenlock 8 colour pen,5
stationery,118,London 2012 Union Jack neoprene 13in laptop sleeve,18
stationery,119,Filofax personal London 2012 line burst pink,37
stationery,120,Filofax personal London 2012 Union flag chocolate,90
stationery,121,London 2012 Paralympics Mandeville 8 colour pen,5
toys,122,Team GB Olympic Pride the Lion soft toy – 20cm,5
toys,123,London 2012 Olympic Games Wenlock mascot soft toy – 20cm,5
toys,124,London 2012 Paralympic Games mascot Mandeville soft toy 30cm,10
toys,125,London 2012 Olympic Games mascot Wenlock soft toy 30cm,10
toys,126,London 2012 Olympics Wenlock and Mandeville soft toys 30cm,19
toys,127,London 2012 Olympic Games Union Jack Wenlock soft toy 25cm,5
miscellaneous,128,adidas London 2012 sporting Wenlock girl's t-shirt,12
miscellaneous,129,adidas London 2012 sporting Wenlock boy's t-shirt,12
miscellaneous,130,London 2012 Tableau figure,1250
miscellaneous,131,London 2012 Olympian figure,150
miscellaneous,132,London 2012 Olympiad plaque,350
miscellaneous,133,Little London 2012 Olympics - 5 handmade glass decorations,45
miscellaneous,134,London Three Times Host City Tri-Metal Set,297
